Zipcode,SiteName,SiteType,Longitude,Latitude
78722,Foundation Communities,Multifamily,-97.70841372,30.28200722
78745,Foundation Communities,Multifamily,-97.79342653,30.19864089
78704,Lifeworks,Multifamily,-97.77101974,30.22983682
78704,Mary Lee Foundation,Multifamily,-97.76422389,30.25530621
78704,Mary Lee Foundation,Multifamily,-97.76503931,30.254456199999996
78741,Foundation Communities,Multifamily,-97.7413955,30.23146027
78745,Foundation Communities,Multifamily,-97.7671846,30.2190338
78757,Foundation Communities,Multifamily,-97.72944801,30.37273049
78702,Guadalupe Neighborhood Development Corporation,Single Family,-97.7285517,30.26740527
78702,Guadalupe Neighborhood Development Corporation,Single Family,-97.71440878,30.25588549
78702,Guadalupe Neighborhood Development Corporation,Duplex,-97.72775965,30.26797186
78702,Guadalupe Neighborhood Development Corporation,Duplex,-97.73115103,30.26721606
78702,Guadalupe Neighborhood Development Corporation,Single Family,-97.71726547,30.25706987
78702,Guadalupe Neighborhood Development Corporation,Duplex,-97.73580458,30.2586854
78702,Guadalupe Neighborhood Development Corporation,Duplex,-97.73057811,30.26842833
78735,Foundation Communities,Multifamily,-97.88724303,30.25122411
78704,Easter Seals of Central Texas,Multifamily,-97.78266876,30.24027574
78745,Green Doors,Single Family,-97.79420218,30.20138457
78744,Green Doors,Single Family,-97.74598478,30.19478667
78745,Green Doors,Single Family,-97.79082191,30.19504682
78704,Green Doors,Single Family,-97.76324138,30.24261575
78745,Green Doors,Single Family,-97.78944399,30.18569319
78744,Green Doors,Single Family,-97.75870203,30.19322232
78744,Green Doors,Single Family,-97.73381984,30.19275255
78702,Green Doors,Duplex,-97.71005882,30.26846974
78702,Green Doors,Duplex,-97.71023674,30.26860702
78702,Green Doors,Single Family,-97.71035687,30.26871633
78702,Green Doors,Single Family,-97.7104858,30.26885049
78723,Green Doors,Multifamily,-97.67995127,30.30492714
78723,Green Doors,FourPlex,-97.67902669,30.30515003
78723,Green Doors,FourPlex,-97.67907638,30.30536009
78723,Green Doors,FourPlex,-97.67995095,30.30511141
78723,Green Doors,FourPlex,-97.67984055,30.3052934
78723,Green Doors,FourPlex,-97.67900608,30.30489107
78723,Green Doors,FourPlex,-97.67891099,30.3055822
78704,Green Doors,Multifamily,-97.78439421,30.23658891
78723,Green Doors,FourPlex,-97.67916116,30.30478426
78723,Green Doors,FourPlex,-97.67886233,30.30573796
78723,Green Doors,FourPlex,-97.67955792,30.30476498
78705,The College Houses,Multifamily,-97.74383608,30.28301798
78723,PRAK Property Management,Multifamily,-97.6972034,30.28413274
78721,Lincoln Property Company,Multifamily,-97.66646717,30.27772032
78702,Blackshear Neighborhood Development Corportation,Single Family,-97.71634938,30.26709461
78702,Blackshear Neighborhood Development Corportation,Single Family,-97.71623872,30.26723972
78702,Blackshear Neighborhood Development Corportation,Single Family,-97.71430575,30.26480387
78702,Blackshear Neighborhood Development Corportation,Single Family,-97.72100129,30.26391813
78702,Blackshear Neighborhood Development Corportation,Duplex,-97.72613994,30.26921179
78722,Blackland Community Development Corporation,Single Family,-97.72194920000001,30.282139299999997
78722,Blackland Community Development Corporation,Duplex,-97.723113,30.27991322
78722,Blackland Community Development Corporation,Single Family,-97.72184558,30.28002492
78722,Blackland Community Development Corporation,Single Family,-97.72262411,30.28253519
78722,Blackland Community Development Corporation,Duplex,-97.72241774,30.282563300000003
78722,Blackland Community Development Corporation,Single Family,-97.72259173,30.28239544
78722,Blackland Community Development Corporation,Single Family,-97.72255917,30.28208674
78722,Blackland Community Development Corporation,Multifamily,-97.72228345,30.28139533
78722,Blackland Community Development Corporation,Single Family,-97.72303482,30.28236494
78722,Blackland Community Development Corporation,Multifamily,-97.72197609999999,30.28050064
78722,Blackland Community Development Corporation,Single Family,-97.71805463,30.2830115
78723,Austin's Children Shelter,Multifamily,-97.68906793,30.29563891
78757,Austin Travis County Integral Care,Multifamily,-97.72350971,30.33122925
78721,Austin Travis County Integral Care,Multifamily,-97.73574557,30.27559883
78758,Accessible Housing Austin!,Single Family,-97.70164239,30.39517141
78753,TMG Management,Multifamily,-97.70433045,30.35465331
78704,Mary Lee Foundation,Multifamily,-97.76420276,30.25473096
78741,Capstone Management,Multifamily,-97.74342133,30.21848555
78702,Alpha Barnes Real Estate Services,Multifamily,-97.70918934,30.26457934
78702,LEDIC Realty Company,Multifamily,-97.72483049,30.27270376
78702,LEDIC Realty Company,Multifamily,-97.70241945,30.27488959
78757,Platinum Realty,Multifamily,-97.73569365,30.35421938
78745,Saint Louise House,Multifamily,-97.80393149999999,30.21093638
78723,Volunteers of America,Multifamily,-97.67940861,30.30660038
78702,Volunteers of America,Multifamily,-97.70126065,30.27269913
78752,Foundation Communities,Multifamily,-97.70318001,30.33149071
78702,Guadalupe Neighborhood Development Corporation,Single Family,-97.72934019,30.26843907
78702,Guadalupe Neighborhood Development Corporation,Single Family,-97.72826475,30.26820529
78702,Guadalupe Neighborhood Development Corporation,Single Family,-97.72672043,30.26771857
78702,Guadalupe Neighborhood Development Corporation,Single Family,-97.7292821,30.26864625
78702,Guadalupe Neighborhood Development Corporation,Single Family,-97.72453329,30.25794518
78702,Guadalupe Neighborhood Development Corporation,Multifamily,-97.73300722,30.26711898
78721,Guadalupe Neighborhood Development Corporation,Single Family,-97.68478859999999,30.25864212
78721,Guadalupe Neighborhood Development Corporation,Single Family,-97.68465943,30.25812818
78721,Guadalupe Neighborhood Development Corporation,Single Family,-97.68419071,30.25913316
78721,Guadalupe Neighborhood Development Corporation,Single Family,-97.68412944,30.25863047
78702,Guadalupe Neighborhood Development Corporation,Duplex,-97.71731982,30.27039712
78752,Other,Duplex,-97.69525635,30.33148715
78758,Other,Multifamily,-97.68500093,30.35940944
78745,Merge Management,Multifamily,-97.77253293,30.20067619
78748,Accessible Housing Austin!,Duplex,-97.82150199,30.18065235
78722,Blackland Community Development Corporation,Single Family,-97.72201073,30.28241284
78722,Blackland Community Development Corporation,Duplex,-97.72181588,30.28115196
78702,Other,Single Family,-97.71818467,30.26281963
78704,Foundation Communities,Multifamily,-97.77817812,30.22823613
78748,Foundation Communities,Multifamily,-97.84472009,30.18153209
78701,Foundation Communities,Multifamily,-97.73808578,30.27175218
78704,Foundation Communities,Multifamily,-97.77551651,30.24698735
78717,Foundation Communities,Multifamily,-97.78034499,30.47625308
78735,Foundation Communities,Multifamily,-97.89008216,30.24855938
78750,Frameworks Community Development Corporation,Single Family,-97.80172791,30.460423
78758,Frameworks Community Development Corporation,Duplex,-97.69786173,30.40679119
78745,Frameworks Community Development Corporation,FourPlex,-97.80338524,30.22744113
78745,Frameworks Community Development Corporation,FourPlex,-97.80299658,30.227950500000002
78745,Frameworks Community Development Corporation,FourPlex,-97.80327228,30.22764242
78702,Lifeworks,Multifamily,-97.70740009,30.26397344
78704,Dominium Management,Multifamily,-97.7562608,30.24222247
78704,Other,Multifamily,-97.75296898,30.225766999999998
78741,Other,Multifamily,-97.70116657,30.227718300000003
78745,M3 Multifamily,Multifamily,-97.7926596,30.22196473
78745,M3 Multifamily,Multifamily,-97.71337403,30.30116934
78723,Foundation Communities,Multifamily,-97.68008999,30.32161385
78759,Housing Authority of the City of Austin,Multifamily,-97.75509,30.421089000000002
78756,Burlington Ventures,Multifamily,-97.73296995,30.32693838
78721,Other,Duplex,-97.687279,30.259234000000003
78721,Other,Duplex,-97.687285,30.259463
78741,Capstone Management,Multifamily,-97.70358301,30.21631803
78741,Capstone Management,Multifamily,-97.70117385,30.21586125
78727,Pedcor Management Corporation,Multifamily,-97.65173237,30.39047199
78744,Pedcor Management Company,Multifamily,-97.7613179,30.18786679
78753,Capstone Management,Multifamily,-97.69155233,30.3365467
78721,Atlantic Pacific Management,Multifamily,-97.690776,30.2626
78721,Other,Multifamily,-97.690803,30.262632
78704,PSW Community Management,Multifamily,-97.77277233,30.24309617
78723,Lincoln Property Company,Multifamily,-97.67388989,30.29898107
78702,Austin Travis County Integral Care,Multifamily,-97.70056603,30.27352219
78703,Clarksville Community Development Corporation,ADU,-97.7651196,30.28133403
78754,Capstone Management,Multifamily,-97.64488191,30.38880659
78745,Lincoln Property Company,Multifamily,-97.77785641,30.19084454
78748,Accolade Property Management,Multifamily,-97.82835765,30.16590014
78730,Foundation Communities,Multifamily,-97.84577071,30.39907683
78745,SAMdorosa Communities,Multifamily,-97.80686954,30.20638764
78723,DMA Companies,Multifamily,-97.69844029999999,30.2909045
78705,American Campus Communities,Multifamily,-97.745467,30.292271999999997
78705,Quarters at Campus,Multifamily,-97.7459644,30.28498621
78705,Coastal Ridge Real Estate,Multifamily,-97.74454388,30.29296103
78705,Quarters at Campus,Multifamily,-97.74391417,30.29239274
78705,Quarters at Campus,Multifamily,-97.74320662,30.292070399999997
78705,Texan Properties,Multifamily,-97.74739903,30.2901088
78705,American Campus Communities,Multifamily,-97.74663415,30.28606359
78705,American Campus Communities,Multifamily,-97.74670947,30.28562987
78705,American Campus Communities,Multifamily,-97.74463321,30.29327736
78705,Texan Properties,Multifamily,-97.74945961,30.28985058
78705,Texan Properties,Multifamily,-97.74625073,30.29064945
78705,Quarters on Campus,Multifamily,-97.74630853,30.28550747
78705,Quarters at Campus,Multifamily,-97.74390448,30.28679177
78705,Quarters at Campus,Multifamily,-97.74501122,30.28685336
78705,American Campus Communities,Multifamily,-97.74346368,30.29111022
78705,American Campus Communities,Multifamily,-97.7494449,30.29051861
78705,American Campus Communities,Multifamily,-97.74622540000001,30.28958455
78705,American Campus Communities,Multifamily,-97.74515909,30.28957953
78705,American Campus Communities,Multifamily,-97.74366717,30.29507208
78705,American Campus Communities,Multifamily,-97.74671373,30.28706135
78705,Alex Ray,Multifamily,-97.74734934,30.28963999
78705,CA Ventures,Multifamily,-97.74474277,30.2842162
78705,American Campus Communities,Multifamily,-97.74701685,30.28561668
78705,Peak Campus,Multifamily,-97.74257135,30.29099868
78705,Lynx Property Services,Multifamily,-97.74552828,30.29161949
78705,Ana Santos,Multifamily,-97.74746589,30.28498076
78705,San Miguel Management,Multifamily,-97.75048641,30.28868985
78705,TPCO,Multifamily,-97.75023504,30.29006698
78705,San Miguel Management,Multifamily,-97.74461305,30.28645112
78705,Lee Properties,Multifamily,-97.74746147,30.28468462
78705,EDR Trust,Multifamily,-97.74343837,30.2882158
78705,American Campus Communities,Multifamily,-97.74342091,30.28494112
78705,CWS,Multifamily,-97.74649449,30.29099695
78705,CWS,Multifamily,-97.74745612,30.28842124
78705,Lauren Levy,Multifamily,-97.74556505,30.290957399999996
78705,CA Ventures,Multifamily,-97.7481753,30.29058927
78705,American Campus Communities,Multifamily,-97.74618319,30.28329642
78705,Other,Multifamily,-97.74790896,30.28523998
78705,Cardinal Group,Multifamily,-97.74783117,30.28947518
78705,Scion Group,Multifamily,-97.74312525,30.28418536
78705,Campus Advantage,Multifamily,-97.743507,30.286358
78705,Other,Multifamily,-97.74277481,30.28932076
78705,Arthur Walston,Multifamily,-97.74789193,30.28884358
78721,Worth Ross Management Company,Multifamily,-97.73904084,30.25839343
78756,Amli Residential,Multifamily,-97.74045001,30.32758219
78751,Texan Properties,Multifamily,-97.7301367,30.31935183
78704,MAA,Multifamily,-97.76452548,30.25255817
78704,Windsor Communities,Multifamily,-97.76017251,30.25726086
78704,CWS,Multifamily,-97.78470969,30.24161307
78704,Greystar,Multifamily,-97.76185675,30.25598205
78756,Camden,Multifamily,-97.72936801,30.32212319
78704,Greystar,Multifamily,-97.76226679,30.25408947
78756,Greystar,Multifamily,-97.73956929,30.3301222
78704,Greystar,Multifamily,-97.76731465,30.22898414
78704,MAA,Multifamily,-97.76384153,30.25292514
78702,Greystar,Multifamily,-97.71947202,30.26156702
78757,CWS,Multifamily,-97.73800308,30.34264313
78741,Pegasus Residential,Multifamily,-97.708361,30.223744
78704,Bell Parnters,Multifamily,-97.78107159999999,30.24411799
78702,Alexan Properties,Multifamily,-97.71570636,30.25969828
78702,Cap Tex Properties,Multifamily,-97.732261,30.26434589
78702,Cap Tex Properties,Multifamily,-97.72924445,30.26161922
78702,Matrix Residential,Multifamily,-97.72514289,30.26085182
78702,Lincoln Property Company,Multifamily,-97.72548725,30.26251461
78704,Saint Louise House,Multifamily,-97.78530304,30.2419701
78705,Asset Campus Housing,Multifamily,-97.74492906,30.28285304
78751,Other,ADU,-97.71696523,30.31829292
78702,PRAK Property Management,Multifamily,-97.70220995,30.27644664
78702,Guadalupe Neighborhood Development Corporation,Single Family,-97.73283499,30.268072600000004
78705,Spaces Management,Multifamily,-97.749342,30.290996000000003
78747,Other,Multifamily,-97.76854200000001,30.152821999999997
78747,Other,Multifamily,-97.754254,30.157256
78749,Housing Authority of Travis County,Duplex,-97.851947,30.233793
78754,Other,Multifamily,-97.67551999999999,30.348196
78617,Other,Multifamily,-97.633937,30.205647999999997
78702,Guadalupe Neighborhood Development Corporation,Duplex,-97.727998,30.265970000000003
78705,Aspen Heights,Multifamily,-97.744783,30.283589000000003
78705,Cardinal Group,Multifamily,-97.743338,30.289641999999997
78705,Central Properties,Multifamily,-97.74771199999999,30.285403000000002
78753,Other,Multifamily,-97.681344,30.364434999999997
78722,Blackland Community Development Corporation,Single Family,-97.722755,30.282992999999998
78758,Other,Multifamily,-97.718506,30.389515999999997
78745,Foundation Communities,Multifamily,-97.792919,30.198406
78702,Lincoln Property Company,Multifamily,-97.724864,30.262479
78702,Lincoln Property Company,Multifamily,-97.732588,30.263744
78752,Greystar,Multifamily,-97.71599499999999,30.326874
78723,DMA Companies,Multifamily,-97.701803,30.304204
78704,Greystar,Multifamily,-97.787767,30.238968
78741,Grayco Partners,Multifamily,-97.727183,30.243505
78753,Pedcor Management Company,Multifamily,-97.65079300000001,30.390822999999997
78753,Portico Property Management,Multifamily,-97.65079300000001,30.390822999999997
78748,JCI Residential,Multifamily,-97.806329,30.123555
78652,Other,Multifamily,-97.80475600000001,30.123941
78745,Frameworks Community Development Corporation,FourPlex,-97.80452,30.226519
78745,Pedcor Management Company,Multifamily,-97.832658,30.192696999999995
78741,Other,Multifamily,-97.705841,30.231371000000003
78705,Other,Multifamily,-97.745293,30.284271999999998
78702,Guadalupe Neighborhood Development Corporation,Duplex,-97.702958,30.269889000000003
78702,Guadalupe Neighborhood Development Corporation,Duplex,-97.70300999999999,30.269795000000002
78702,Guadalupe Neighborhood Development Corporation,Duplex,-97.703051,30.269696999999997
78702,Guadalupe Neighborhood Development Corporation,Duplex,-97.703096,30.269601
78702,Guadalupe Neighborhood Development Corporation,Multifamily,-97.703014,30.269267
78705,Other,Multifamily,-97.744188,30.285401
78723,Greystar,Multifamily,-97.707922,30.298876
78723,Greystar,Multifamily,-97.70043000000001,30.3007
78723,Amli Residential,Multifamily,-97.703698,30.29717
78723,Amli Residential,Multifamily,-97.702038,30.302391999999998
78723,Sync Residential,Multifamily,-97.707066,30.299165999999996
78754,NRP Group,Multifamily,-97.643651,30.406351
78751,Greystar,Multifamily,-97.71938399999999,30.321814
78701,Other,Multifamily,-97.738824,30.256483000000003
78702,Lincoln Property Company,Multifamily,-97.725487,30.26298
78758,UDR,Multifamily,-97.72493,30.400623
78758,Lincoln Property Company,Multifamily,-97.725756,30.396506
78757,Other,Single Family,-97.728433,30.338875
78701,Hanover Company,Multifamily,-97.749563,30.265385
78741,Amli Residential,Multifamily,-97.73006600000001,30.245116999999997
78741,Amli Residential,Multifamily,-97.730198,30.245229
78702,Amli Residential,Multifamily,-97.731273,30.268964
78751,Other,Multifamily,-97.714957,30.316671000000003
78724,Other,Multifamily,-97.658889,30.319166
78702,Cypress Residential,Multifamily,-97.704573,30.258311
78704,Housing Authority of the City of Austin,Multifamily,-97.773865,30.248315
78705,Other,Multifamily,-97.743575,30.285871000000004
78752,Other,Multifamily,-97.714668,30.324758000000003
78722,Other,Single Family,-97.71003,30.294169
78752,Other,Multifamily,-97.71478499999999,30.337701000000003
78701,Amli Residential,Multifamily,-97.748074,30.266143
78701,Other,Multifamily,-97.733918,30.271082
78702,Other,ADU,-97.714054,30.278447999999997
78702,Housing Authority of the City of Austin,Multifamily,-97.726547,30.259144
78705,Other,Multifamily,-97.743941,30.288071999999996
78702,Guadalupe Neighborhood Development Corporation,Single Family,-97.708853,30.260303000000004
78723,Other,Multifamily,-97.70665799999999,30.308670000000003
78745,Frameworks Community Development Corporation,FourPlex,-97.8042,30.227193
78748,Accessible Housing Austin!,Single Family,-97.82220500000001,30.178196000000003
78741,Accessible Housing Austin!,Single Family,-97.691337,30.224075
78744,Accessible Housing Austin!,Single Family,-97.756125,30.177722999999997
78749,Accessible Housing Austin!,Single Family,-97.83600799999999,30.211278000000004
78758,Greystar,Multifamily,-97.725581,30.393743
78723,Other,Multifamily,-97.668769,30.30718
78754,Roscoe Properties,Multifamily,-97.664626,30.332583000000003
78704,UAH Property Management,Multifamily,-97.756111,30.235242
78753,Other,Multifamily,-97.71088,30.348603999999998
78758,Other,Multifamily,-97.702694,30.366940999999997
78741,Good Harbor Management,Multifamily,-97.73119100000001,30.224565000000002
78741,Other,Multifamily,-97.702416,30.229521999999996
78702,Guardian Management,Multifamily,-97.720192,30.260721999999998
78723,Good Harbor Management,Multifamily,-97.704317,30.319659
78723,Other,Multifamily,-97.70360600000001,30.319351
78702,PRAK Property Management,Single Family,-97.72386,30.267028000000003
78702,PRAK Property Management,Single Family,-97.7237,30.266957
78702,PRAK Property Management,Single Family,-97.72470799999999,30.266283
78702,PRAK Property Management,Single Family,-97.724673,30.266166
78702,PRAK Property Management,Single Family,-97.724503,30.266121000000002
78702,PRAK Property Management,Single Family,-97.723987,30.266482
78702,PRAK Property Management,Single Family,-97.724124,30.266574
78702,PRAK Property Management,Single Family,-97.724337,30.266652
78702,PRAK Property Management,Single Family,-97.72450500000001,30.266118
78702,PRAK Property Management,Single Family,-97.724707,30.265297999999998
78702,PRAK Property Management,Single Family,-97.724932,30.265855
78702,PRAK Property Management,Single Family,-97.725015,30.265715000000004
78702,PRAK Property Management,Single Family,-97.72497299999999,30.265359999999998
78702,PRAK Property Management,Single Family,-97.724877,30.265309000000002
78702,PRAK Property Management,Single Family,-97.72470799999999,30.265296999999997
78702,PRAK Property Management,Single Family,-97.72314899999999,30.266766999999998
78702,PRAK Property Management,Single Family,-97.722927,30.266657000000002
78723,PRAK Property Management,Single Family,-97.723054,30.266717
78702,PRAK Property Management,Single Family,-97.72366,30.265931
78702,PRAK Property Management,Single Family,-97.723292,30.2657
78702,PRAK Property Management,Single Family,-97.723095,30.266176
78702,PRAK Property Management,Single Family,-97.723201,30.266259
78702,PRAK Property Management,Single Family,-97.723066,30.266015999999997
78752,PRAK Property Management,Single Family,-97.696935,30.330556
78702,PRAK Property Management,Single Family,-97.71899,30.264685999999998
78723,Austin Film Society,PublicInternet,-97.69474,30.301510999999998
78758,YMCA of Austin,PublicInternet,-97.699905,30.364566999999997
78721,Austin Independent School District,PublicInternet,-97.681404,30.256883000000002
78753,Goodwill Industries of Central Texas,PublicInternet,-97.693053,30.339476
78748,Austin Independent School District,PublicInternet,-97.80212900000001,30.150746999999996
78702,Austin Public Library,PublicInternet,-97.733214,30.260114
78726,Concordia University Texas,PublicInternet,-97.837166,30.42008
78753,Girl Scouts of Central Texas,PublicInternet,-97.67367,30.389938
78753,PARD,PublicInternet,-97.68151800000001,30.354041
78758,Austin Independent School District,PublicInternet,-97.708443,30.361618
78758,CommUnityCare (North Central Facility),PublicInternet,-97.694254,30.385436
78727,Austin Public Library,PublicInternet,-97.714651,30.423153000000003
78731,Austin Public Library,PublicInternet,-97.755706,30.353327
78750,Round Rock ISD,PublicInternet,-97.797026,30.457439
78753,Pflugerville ISD,PublicInternet,-97.675876,30.417194
78757,Girlstart,PublicInternet,-97.719996,30.350956
78756,Texas Folklife,PublicInternet,-97.738547,30.328283000000003
78703,Austin Independent School District,PublicInternet,-97.766201,30.27417
78744,Austin Public Library,PublicInternet,-97.765174,30.188312
78705,KLRU,PublicInternet,-97.740318,30.289132000000002
78723,"Pecan Street, Inc.",PublicInternet,-97.699405,30.291898
78701,Mexic-Arte Museum,PublicInternet,-97.74319399999999,30.266993
78701,Front Steps,PublicInternet,-97.737698,30.267644
78701,Ballet Austin,PublicInternet,-97.74895,30.266715
78723,BIG Austin,PublicInternet,-97.70790799999999,30.313669
78702,Creative Action,PublicInternet,-97.709721,30.279328000000003
78759,Austin Public Library,PublicInternet,-97.772811,30.43328
78723,Austin Children's Museum,PublicInternet,-97.705113,30.297310999999997
78701,Skillpoint Alliance,PublicInternet,-97.74234200000001,30.2638
78702,PARD,PublicInternet,-97.72081,30.257841
78704,ZACH Theater,PublicInternet,-97.759489,30.263862
78756,Austin Public Library,PublicInternet,-97.74095,30.323061
78703,Austin Public Library,PublicInternet,-97.767328,30.298115000000003
78757,Austin Public Library,PublicInternet,-97.72971700000001,30.362014000000002
78741,Central Health,PublicInternet,-97.710617,30.214674
78702,Austin Public Library,PublicInternet,-97.699963,30.273236999999998
78702,Meals on Wheels and More,PublicInternet,-97.70624699999999,30.254935999999997
78705,AGE of Central Texas,PublicInternet,-97.735332,30.299999
78703,The Contemporary Austin,PublicInternet,-97.77415,30.312648
78723,Capital Metro,PublicInternet,-97.69082,30.298858000000003
78722,"Texas Educational Broadcasting Co-Operative, Inc",PublicInternet,-97.707031,30.288531
78723,Southwest Educational Development Corporation,PublicInternet,-97.706135,30.300684999999998
78723,Austin Public Library,PublicInternet,-97.666211,30.308952
78745,Austin Independent School District,PublicInternet,-97.797771,30.215235999999997
78723,Austin Children's Shelter,PublicInternet,-97.688575,30.295656
78756,The Arc of the Capital Area,PublicInternet,-97.736604,30.319114000000003
78751,Texas Rio Grande Legal Aid,PublicInternet,-97.711598,30.308221000000003
78701,Austin Conv Center,PublicInternet,-97.739774,30.262064000000002
78723,Austin Public Library,PublicInternet,-97.690559,30.311258000000002
78721,Southwest Key,PublicInternet,-97.682861,30.260416999999997
78731,Jewish Community Association of Austin,PublicInternet,-97.75468000000001,30.357375
78752,Austin Public Library,PublicInternet,-97.69303199999999,30.331948999999998
78701,American Institute of Architects - Austin Chapter,PublicInternet,-97.748698,30.276127000000002
78758,Austin Public Library,PublicInternet,-97.698295,30.363664
78756,Austin Public Library,PublicInternet,-97.739666,30.327013
78756,Austin Independent School District,PublicInternet,-97.729345,30.325919
78721,Austin Achieve,PublicInternet,-97.67975,30.306983000000002
78752,Workforce Solutions Capital Area,PublicInternet,-97.715691,30.330029999999997
78702,Austin Public Library,PublicInternet,-97.709632,30.259784999999997
78702,Austin Conv Center,PublicInternet,-97.73093,30.269835999999998
78735,African-American Youth Harvest,PublicInternet,-97.692871,30.320844
78744,CommUnityCare (William Cannon Facility),PublicInternet,-97.771529,30.188318
78701,Entrepreneurs Foundation,PublicInternet,-97.74090799999999,30.269196
78724,Austin Independent School District,PublicInternet,-97.657452,30.314412
78724,Manor ISD,PublicInternet,-97.617693,30.307199
78751,Out Youth Austin,PublicInternet,-97.71479599999999,30.308849
78752,Austin Independent School District,PublicInternet,-97.689635,30.323971999999998
78701,Austin Theater Alliance,PublicInternet,-97.742319,30.269416999999997
78701,Austin Public Library,PublicInternet,-97.74549499999999,30.271140000000003
78701,Austin Public Library,PublicInternet,-97.745347,30.271538
78751,"Child, Inc.",PublicInternet,-97.7142,30.313637
78759,Austin Independent School District,PublicInternet,-97.754173,30.376358000000003
78754,Travis County Appraisal District,PublicInternet,-97.671564,30.335801
78702,Huston-Tillotson University,PublicInternet,-97.721209,30.264590999999996
78702,Boys & Girls Clubs of the Austin Area,PublicInternet,-97.70930600000001,30.270801000000002
78702,United Way for Greater Austin,PublicInternet,-97.719766,30.280043
78744,River City Youth Foundation,PublicInternet,-97.744704,30.195802
787041,One Texas Center,PublicInternet,-97.749542,30.258402
78704,Austin Public Library,PublicInternet,-97.76174,30.248863
78741,Texas Civil Rights Project,PublicInternet,-97.700334,30.229821
78741,YWCA Greater Austin,PublicInternet,-97.73883000000001,30.236959999999996
78704,Long Center for the Performing Arts,PublicInternet,-97.750198,30.260963
78745,Austin Public Library,PublicInternet,-97.796899,30.216327000000003
78702,PARD,PublicInternet,-97.71101800000001,30.266047999999998
78704,Austin Independent School District,PublicInternet,-97.788031,30.234747
78704,St. Edward‚Äôs University,PublicInternet,-97.758818,30.231903000000003
78704,Austin Independent School District,PublicInternet,-97.743904,30.234768
78702,PARD,PublicInternet,-97.724565,30.270157
78702,Austin Independent School District,PublicInternet,-97.720737,30.277589000000003
78702,HACA - Booker T. Washington,PublicInternet,-97.707762,30.27148
78749,Austin Public Library,PublicInternet,-97.854237,30.218743
78745,Austin Independent School District,PublicInternet,-97.856886,30.189140000000002
78741,Austin Public Library,PublicInternet,-97.706314,30.230228000000004
78722,Austin Theater Alliance,PublicInternet,-97.742205,30.269710999999997
78704,Umlauf Sculpture Garden & Museum,PublicInternet,-97.766207,30.263865999999997
78744,Austin Public Library,PublicInternet,-97.742224,30.187926
78702,Austin Public,PublicInternet,-97.716251,30.269268
78702,LifeWorks,PublicInternet,-97.708247,30.264563
78702,DeWitty Job Training and Employment Center,PublicInternet,-97.7159,30.27021
78702,Austin Public Library,PublicInternet,-97.724523,30.26995
78701,City Hall,PublicInternet,-97.746989,30.264879999999998
78701,Austin Public Library,PublicInternet,-97.751777,30.266125
78748,Akins High School,Public HS,-97.80117340000001,30.148182000000002
78759,Anderson High School,Public HS,-97.75244609999999,30.3749141
78703,Austin HS,Public HS,-97.7501906,30.2649864
78749,Bowie HS,Public HS,-97.8585698,30.1881338
78745,Crockett Early College HS,Public HS,-97.7954551,30.2185178
78721,Eastside Memorial Early College HS,Public HS,-97.6810863,30.258742600000005
78758,Lanier Early College HS,Public HS,-97.7072974,30.3596407
78724,LBJ Early College HS,Public HS,-97.65573940000002,30.3120113
78724,Liberal Arts and Sciences Academy (LASA HS),Public HS,-97.65573940000002,30.3120113
78756,McCallum HS,Public HS,-97.7299407,30.3273347
78752,Reagan Early College HS,Public HS,-97.6915595,30.324035499999997
78756,Rosedale School (Special Ed),Public HS,-97.7403218,30.319759
78704,Travis Early College HS,Public HS,-97.741796,30.233894
78746,Westlake High School,Public HS,-97.8157521,30.276476799999998
78750,Vandegrift High School,Public HS,-97.7684679,30.4347094
78753,Connally HS,Public HS,-97.675945,30.417652
78729,McNeil HS,Public HS,-97.76307609999999,30.4365238
78750,Westwood HS,Public HS,-97.79735,30.458559
78728,Chaparral Star Academy,Charter HS,-97.689701,30.438009
78754,KIPP Austin Collegiate,Charter HS,-97.68629909999999,30.3359225
78744,Harmony School of Excellence - Austin,Charter HS,-97.746351,30.210069
78753,Harmony Science Academy - Austin,Charter HS,-97.6848505,30.3572875
78753,NYOS Charter School,Charter HS,-97.678845,30.402227000000003
78602,Bastrop WIC Clinic,Clinic,-97.33211573,30.10646853
78722,Blackland Neighborhood Center,"Neighborhood Center, Offices ",-97.72245941,30.28075037
78703,Clarksville Community Health Center,"Clinic, Offices ",-97.76330055,30.28122053
78617,Del Valle WIC Clinic,Clinic ,-97.64206899999999,30.198796
78702,East Austin Neighborhood Center,"Clinic, Neighborhood Center ",-97.727464,30.259718
78702,Vital Records,Other,-97.690404,30.252329
78744,Dove Springs WIC Center,Clinic,-97.770861,30.187721999999997
78702,East Austin WIC Clinic,"Clinic, Neighborhood Center ",-97.727356,30.259745000000002
78621,Elgin WIC Clinic,Clinic,-97.36980799999999,30.345313
78745,Far South WIC Clinic,Clinic,-97.779239,30.207009999999997
78653,Manor WIC Clinic,Clinic,-97.563744,30.340164
78758,Mom's Place - WIC Breastfeeding Resource Center,Clinic,-97.71704,30.364895
78741,Montopolis Neighborhood Center,Neighborhood Center ,-97.70134200000001,30.229149
78741,Montopolis WIC Clinic,Clinic,-97.708833,30.214990999999998
78758,Northwest WIC Clinic,Clinic,-97.71695799999999,30.365149
78735,Oak Hill WIC Clinic,Clinic,-97.893723,30.251475
78660,Pflugerville WIC Clinic,Clinic,-97.65186,30.449001000000003
78702,RBJ Health Center ,"Clinic, Offices ",-97.733446,30.252309999999998
78702,Rosewood-Zaragosa Neighborhood Center,"Clinic, Neighborhood Center ",-97.710555,30.265355
78702,Rosewood-Zaragosa WIC Clinic,"Clinic, Neighborhood Center ",-97.71038,30.265487
78754,Rutherford Campus,Offices ,-97.68114,30.337078
78704,South Austin Neighborhood Center,"Clinic, Neighborhood Services ",-97.760064,30.239254
78704,South Austin WIC Clinic,"Clinic, Neighborhood Center ",-97.76007299999999,30.239252
78752,St. John Community Center,"Clinic, Neighborhood Center ",-97.693348,30.332632
78752,St. Johns WIC Clinic,"Clinic, Neighborhood Center ",-97.69335,30.332634999999996
78702,Betty Dunkerley Health Campus Building B,Offices ,-97.69174879,30.25130566
78752,AK Black Health Center ,Clinic,-97.69853499999999,30.333683
78702,"Betty Dunkerley Campus, Building E ",Offices ,-97.690225,30.252944
78751,First Workers Day Labor Center ,Service Center ,-97.711863,30.308436
78741,Montopolis Recreation Community Center ,Offices ,-97.699893,30.232385999999998
78702,"Betty Dunkerley Campus Building H, Administrative Services ",Offices ,-97.689104,30.253738000000002
78702,"Betty Dunkerley Health Campus, Building C",Offices,-97.69001300000001,30.251614
